Cisco,PRIMERGY RX2530,✅
Fujitsu,ThinkSystem SR650,✅
Fujitsu,ProLiant DL380,✅
ASUS,Server System S9200WK,✅
Cisco,PRIMERGY RX2530,✅
Fujitsu,SuperServer 6049P-E1CR24H,✅
Fujitsu,UCS C240 M5,✅
HPE,RS500-E9-PS4,✅
Dell,PRIMERGY RX2530,✅
Supermicro,System x3650 M5,✅
Cisco,ThinkSystem SR650,✅
Cisco,ProLiant DL380,✅
ASUS,ThinkSystem SR650,✅
Fujitsu,RS500-E9-PS4,✅
Intel,Server System S9200WK,✅
ASUS,System x3650 M5,✅
Cisco,Apollo 6500,✅
IBM,RS500-E9-PS4,✅
ASUS,Apollo 6500,✅
Supermicro,SuperServer 6049P-E1CR24H,✅
IBM,UCS C240 M5,✅
ASUS,RS500-E9-PS4,✅
Cisco,UCS C240 M5,✅
IBM,UCS C240 M5,✅
HP,PRIMERGY RX2530,✅
IBM,PRIMERGY RX2530,✅
ASUS,ThinkSystem SR650,✅
Supermicro,RS500-E9-PS4,✅
Lenovo,ThinkSystem SR650,✅
Intel,RS500-E9-PS4,✅
Lenovo,ThinkSystem SR650,✅
Dell,SuperServer 6049P-E1CR24H,✅
HPE,PowerEdge R740,✅
Intel,UCS C240 M5,✅
Dell,PRIMERGY RX2530,✅
Supermicro,UCS C240 M5,✅
Intel,PowerEdge R740,✅
IBM,Apollo 6500,✅
ASUS,Apollo 6500,✅
Cisco,Server System S9200WK,✅
ASUS,SuperServer 6049P-E1CR24H,✅
HPE,Server System S9200WK,✅
Lenovo,ThinkSystem SR650,✅
HPE,RS500-E9-PS4,✅
HPE,Server System S9200WK,✅
Supermicro,Apollo 6500,✅
HP,RS500-E9-PS4,✅
ASUS,RS500-E9-PS4,✅
Cisco,PowerEdge R740,✅
Supermicro,ThinkSystem SR650,✅
